,Unnamed: 0,snapshots_url,snapshots,snapshots_date,total_cap
0,4,https://coinmarketcap.com/historical/20130428/,20130428,2013-04-28,1580539630.35
1,5,https://coinmarketcap.com/historical/20130505/,20130505,2013-05-05,1370199003.4
2,6,https://coinmarketcap.com/historical/20130512/,20130512,2013-05-12,1354369538.88
3,7,https://coinmarketcap.com/historical/20130519/,20130519,2013-05-19,1436193993.89
4,8,https://coinmarketcap.com/historical/20130526/,20130526,2013-05-26,1567802504.65
5,9,https://coinmarketcap.com/historical/20130602/,20130602,2013-06-02,1434404291.98
6,10,https://coinmarketcap.com/historical/20130609/,20130609,2013-06-09,1180027315.27
7,11,https://coinmarketcap.com/historical/20130616/,20130616,2013-06-16,1172001399.77
8,12,https://coinmarketcap.com/historical/20130623/,20130623,2013-06-23,1286553341.84
9,13,https://coinmarketcap.com/historical/20130630/,20130630,2013-06-30,1162215701.07
10,14,https://coinmarketcap.com/historical/20130707/,20130707,2013-07-07,908389680.135
11,15,https://coinmarketcap.com/historical/20130714/,20130714,2013-07-14,1148117352.71
12,16,https://coinmarketcap.com/historical/20130721/,20130721,2013-07-21,1107170046.53
13,17,https://coinmarketcap.com/historical/20130728/,20130728,2013-07-28,1216231910.25
14,18,https://coinmarketcap.com/historical/20130804/,20130804,2013-08-04,1330414650.69
15,19,https://coinmarketcap.com/historical/20130811/,20130811,2013-08-11,1315834292.69
16,20,https://coinmarketcap.com/historical/20130818/,20130818,2013-08-18,1430865290.44
17,21,https://coinmarketcap.com/historical/20130825/,20130825,2013-08-25,1534051440.3
18,22,https://coinmarketcap.com/historical/20130901/,20130901,2013-09-01,1724710312.95
19,23,https://coinmarketcap.com/historical/20130908/,20130908,2013-09-08,1540505539.98
20,24,https://coinmarketcap.com/historical/20130915/,20130915,2013-09-15,1647702704.93
21,25,https://coinmarketcap.com/historical/20130922/,20130922,2013-09-22,1666355703.52
22,26,https://coinmarketcap.com/historical/20130929/,20130929,2013-09-29,1782856803.9
23,27,https://coinmarketcap.com/historical/20131006/,20131006,2013-10-06,1668019191.59
24,28,https://coinmarketcap.com/historical/20131013/,20131013,2013-10-13,1770302517.26
25,29,https://coinmarketcap.com/historical/20131020/,20131020,2013-10-20,2186972870.65
26,30,https://coinmarketcap.com/historical/20131027/,20131027,2013-10-27,2460172478.93
27,31,https://coinmarketcap.com/historical/20131103/,20131103,2013-11-03,2711949904.92
28,32,https://coinmarketcap.com/historical/20131110/,20131110,2013-11-10,4097264192.58
29,33,https://coinmarketcap.com/historical/20131117/,20131117,2013-11-17,6114198642.46
30,34,https://coinmarketcap.com/historical/20131124/,20131124,2013-11-24,9755373369.15
31,35,https://coinmarketcap.com/historical/20131201/,20131201,2013-12-01,13205657038.3
32,36,https://coinmarketcap.com/historical/20131208/,20131208,2013-12-08,10847722366.6
33,37,https://coinmarketcap.com/historical/20131215/,20131215,2013-12-15,11971130790.1
34,38,https://coinmarketcap.com/historical/20131222/,20131222,2013-12-22,8340063802.69
35,39,https://coinmarketcap.com/historical/20131229/,20131229,2013-12-29,10364136025.6
36,40,https://coinmarketcap.com/historical/20140105/,20140105,2014-01-05,12819602153.6
37,41,https://coinmarketcap.com/historical/20140112/,20140112,2014-01-12,11839467500.6
38,42,https://coinmarketcap.com/historical/20140119/,20140119,2014-01-19,11995982178.4
39,43,https://coinmarketcap.com/historical/20140126/,20140126,2014-01-26,12221565972.0
40,44,https://coinmarketcap.com/historical/20140202/,20140202,2014-02-02,11440284709.2
41,45,https://coinmarketcap.com/historical/20140209/,20140209,2014-02-09,9480812326.91
42,46,https://coinmarketcap.com/historical/20140216/,20140216,2014-02-16,8613027065.45
43,47,https://coinmarketcap.com/historical/20140223/,20140223,2014-02-23,8489782281.11
44,48,https://coinmarketcap.com/historical/20140302/,20140302,2014-03-02,8013153290.66
45,49,https://coinmarketcap.com/historical/20140309/,20140309,2014-03-09,9130209086.18
46,50,https://coinmarketcap.com/historical/20140316/,20140316,2014-03-16,8990744018.68
47,51,https://coinmarketcap.com/historical/20140323/,20140323,2014-03-23,8077603735.04
48,52,https://coinmarketcap.com/historical/20140330/,20140330,2014-03-30,6483563641.74
49,53,https://coinmarketcap.com/historical/20140406/,20140406,2014-04-06,6443209380.15
50,54,https://coinmarketcap.com/historical/20140413/,20140413,2014-04-13,5773763822.22
51,55,https://coinmarketcap.com/historical/20140420/,20140420,2014-04-20,7026343981.87
52,56,https://coinmarketcap.com/historical/20140427/,20140427,2014-04-27,6085317610.3
53,57,https://coinmarketcap.com/historical/20140504/,20140504,2014-05-04,6121623435.54
54,58,https://coinmarketcap.com/historical/20140511/,20140511,2014-05-11,6184299437.62
55,59,https://coinmarketcap.com/historical/20140518/,20140518,2014-05-18,6311232380.16
56,60,https://coinmarketcap.com/historical/20140525/,20140525,2014-05-25,8026424000.77
57,61,https://coinmarketcap.com/historical/20140601/,20140601,2014-06-01,8781007698.8
58,62,https://coinmarketcap.com/historical/20140608/,20140608,2014-06-08,9131226843.89
59,63,https://coinmarketcap.com/historical/20140615/,20140615,2014-06-15,8313954391.61
60,64,https://coinmarketcap.com/historical/20140622/,20140622,2014-06-22,8441078397.35
61,65,https://coinmarketcap.com/historical/20140629/,20140629,2014-06-29,8410122136.88
62,66,https://coinmarketcap.com/historical/20140706/,20140706,2014-07-06,8783107083.84
63,67,https://coinmarketcap.com/historical/20140713/,20140713,2014-07-13,8726550979.16
64,68,https://coinmarketcap.com/historical/20140720/,20140720,2014-07-20,8717353225.07
65,69,https://coinmarketcap.com/historical/20140727/,20140727,2014-07-27,8306483994.17
66,70,https://coinmarketcap.com/historical/20140803/,20140803,2014-08-03,8226645744.65
67,71,https://coinmarketcap.com/historical/20140810/,20140810,2014-08-10,8250570691.26
68,72,https://coinmarketcap.com/historical/20140817/,20140817,2014-08-17,6831547435.64
69,73,https://coinmarketcap.com/historical/20140824/,20140824,2014-08-24,7155233145.37
70,74,https://coinmarketcap.com/historical/20140831/,20140831,2014-08-31,6842547424.04
71,75,https://coinmarketcap.com/historical/20140907/,20140907,2014-09-07,6949670574.76
72,76,https://coinmarketcap.com/historical/20140914/,20140914,2014-09-14,6957646532.64
73,77,https://coinmarketcap.com/historical/20140921/,20140921,2014-09-21,5851150612.57
74,78,https://coinmarketcap.com/historical/20140928/,20140928,2014-09-28,5598840982.46
75,79,https://coinmarketcap.com/historical/20141005/,20141005,2014-10-05,4784435401.03
76,80,https://coinmarketcap.com/historical/20141012/,20141012,2014-10-12,5599908480.17
77,81,https://coinmarketcap.com/historical/20141019/,20141019,2014-10-19,5756606933.46
78,82,https://coinmarketcap.com/historical/20141026/,20141026,2014-10-26,5250798118.89
79,83,https://coinmarketcap.com/historical/20141102/,20141102,2014-11-02,4836910557.0
80,84,https://coinmarketcap.com/historical/20141109/,20141109,2014-11-09,5393947399.64
81,85,https://coinmarketcap.com/historical/20141116/,20141116,2014-11-16,5751933174.52
82,86,https://coinmarketcap.com/historical/20141123/,20141123,2014-11-23,5596789572.33
83,87,https://coinmarketcap.com/historical/20141130/,20141130,2014-11-30,5838450830.22
84,88,https://coinmarketcap.com/historical/20141207/,20141207,2014-12-07,5934147853.29
85,89,https://coinmarketcap.com/historical/20141214/,20141214,2014-12-14,5671929015.54
86,90,https://coinmarketcap.com/historical/20141221/,20141221,2014-12-21,5593482349.3
87,91,https://coinmarketcap.com/historical/20141228/,20141228,2014-12-28,5555954556.75
88,92,https://coinmarketcap.com/historical/20150104/,20150104,2015-01-04,4524803225.46
89,93,https://coinmarketcap.com/historical/20150111/,20150111,2015-01-11,4525570551.4
90,94,https://coinmarketcap.com/historical/20150118/,20150118,2015-01-18,3630639157.17
91,95,https://coinmarketcap.com/historical/20150125/,20150125,2015-01-25,4314399924.74
92,96,https://coinmarketcap.com/historical/20150201/,20150201,2015-02-01,3823889045.33
93,97,https://coinmarketcap.com/historical/20150208/,20150208,2015-02-08,3790634066.96
94,98,https://coinmarketcap.com/historical/20150215/,20150215,2015-02-15,3931737192.22
95,99,https://coinmarketcap.com/historical/20150222/,20150222,2015-02-22,3931721722.04
96,100,https://coinmarketcap.com/historical/20150301/,20150301,2015-03-01,4275721646.03
97,101,https://coinmarketcap.com/historical/20150308/,20150308,2015-03-08,4395371185.0
98,102,https://coinmarketcap.com/historical/20150315/,20150315,2015-03-15,4600648054.34
99,103,https://coinmarketcap.com/historical/20150322/,20150322,2015-03-22,4328049441.88
100,104,https://coinmarketcap.com/historical/20150329/,20150329,2015-03-29,3911397012.81
101,105,https://coinmarketcap.com/historical/20150405/,20150405,2015-04-05,4176153524.08
102,106,https://coinmarketcap.com/historical/20150412/,20150412,2015-04-12,3806294241.69
103,107,https://coinmarketcap.com/historical/20150419/,20150419,2015-04-19,3588510416.21
104,108,https://coinmarketcap.com/historical/20150426/,20150426,2015-04-26,3537377348.53
105,109,https://coinmarketcap.com/historical/20150503/,20150503,2015-05-03,3855801733.53
106,110,https://coinmarketcap.com/historical/20150510/,20150510,2015-05-10,3835504144.53
107,111,https://coinmarketcap.com/historical/20150517/,20150517,2015-05-17,3771858230.0
108,112,https://coinmarketcap.com/historical/20150524/,20150524,2015-05-24,3896694067.19
109,113,https://coinmarketcap.com/historical/20150531/,20150531,2015-05-31,3791216679.87
110,114,https://coinmarketcap.com/historical/20150607/,20150607,2015-06-07,3685794675.63
111,115,https://coinmarketcap.com/historical/20150614/,20150614,2015-06-14,3871700894.73
112,116,https://coinmarketcap.com/historical/20150621/,20150621,2015-06-21,4161447206.95
113,117,https://coinmarketcap.com/historical/20150628/,20150628,2015-06-28,4283642643.51
114,118,https://coinmarketcap.com/historical/20150705/,20150705,2015-07-05,4658450319.15
115,119,https://coinmarketcap.com/historical/20150712/,20150712,2015-07-12,5219337665.48
116,120,https://coinmarketcap.com/historical/20150719/,20150719,2015-07-19,4576642292.57
117,121,https://coinmarketcap.com/historical/20150726/,20150726,2015-07-26,4915000093.24
118,122,https://coinmarketcap.com/historical/20150802/,20150802,2015-08-02,4744698302.4
119,123,https://coinmarketcap.com/historical/20150809/,20150809,2015-08-09,4529140447.67
120,124,https://coinmarketcap.com/historical/20150816/,20150816,2015-08-16,4473592886.56
121,125,https://coinmarketcap.com/historical/20150823/,20150823,2015-08-23,3967481322.8
122,126,https://coinmarketcap.com/historical/20150830/,20150830,2015-08-30,3978413864.13
123,127,https://coinmarketcap.com/historical/20150906/,20150906,2015-09-06,4155910108.2
124,128,https://coinmarketcap.com/historical/20150913/,20150913,2015-09-13,3999949984.71
125,129,https://coinmarketcap.com/historical/20150920/,20150920,2015-09-20,3998677984.3
126,130,https://coinmarketcap.com/historical/20150927/,20150927,2015-09-27,3973118537.69
127,131,https://coinmarketcap.com/historical/20151004/,20151004,2015-10-04,4014731717.14
128,132,https://coinmarketcap.com/historical/20151011/,20151011,2015-10-11,4154100077.44
129,133,https://coinmarketcap.com/historical/20151018/,20151018,2015-10-18,4343814537.27
130,134,https://coinmarketcap.com/historical/20151025/,20151025,2015-10-25,4669373113.81
131,135,https://coinmarketcap.com/historical/20151101/,20151101,2015-11-01,5396905747.04
132,136,https://coinmarketcap.com/historical/20151108/,20151108,2015-11-08,6076053512.35
133,137,https://coinmarketcap.com/historical/20151115/,20151115,2015-11-15,5238256456.77
134,138,https://coinmarketcap.com/historical/20151122/,20151122,2015-11-22,5322303023.03
135,139,https://coinmarketcap.com/historical/20151129/,20151129,2015-11-29,6057077058.78
136,140,https://coinmarketcap.com/historical/20151206/,20151206,2015-12-06,6360444833.94
137,141,https://coinmarketcap.com/historical/20151213/,20151213,2015-12-13,7187404257.86
138,142,https://coinmarketcap.com/historical/20151220/,20151220,2015-12-20,7233875600.82
139,143,https://coinmarketcap.com/historical/20151227/,20151227,2015-12-27,6946919350.88
140,144,https://coinmarketcap.com/historical/20160103/,20160103,2016-01-03,7072333471.51
141,145,https://coinmarketcap.com/historical/20160110/,20160110,2016-01-10,7365356425.72
142,146,https://coinmarketcap.com/historical/20160117/,20160117,2016-01-17,6374347809.49
143,147,https://coinmarketcap.com/historical/20160124/,20160124,2016-01-24,6782434613.74
144,148,https://coinmarketcap.com/historical/20160131/,20160131,2016-01-31,6343030166.21
145,149,https://coinmarketcap.com/historical/20160207/,20160207,2016-02-07,6606262566.43
146,150,https://coinmarketcap.com/historical/20160214/,20160214,2016-02-14,7324291251.85
147,151,https://coinmarketcap.com/historical/20160221/,20160221,2016-02-21,7770624076.46
148,152,https://coinmarketcap.com/historical/20160228/,20160228,2016-02-28,7843230038.64
149,153,https://coinmarketcap.com/historical/20160306/,20160306,2016-03-06,7852682166.52
150,154,https://coinmarketcap.com/historical/20160313/,20160313,2016-03-13,8281041901.28
151,155,https://coinmarketcap.com/historical/20160320/,20160320,2016-03-20,7929800427.24
152,156,https://coinmarketcap.com/historical/20160327/,20160327,2016-03-27,8194051976.01
153,157,https://coinmarketcap.com/historical/20160403/,20160403,2016-04-03,8210458888.07
154,158,https://coinmarketcap.com/historical/20160410/,20160410,2016-04-10,7914465746.31
155,159,https://coinmarketcap.com/historical/20160417/,20160417,2016-04-17,8072218462.1
156,160,https://coinmarketcap.com/historical/20160424/,20160424,2016-04-24,8520778723.38
157,161,https://coinmarketcap.com/historical/20160501/,20160501,2016-05-01,8464574156.24
158,162,https://coinmarketcap.com/historical/20160508/,20160508,2016-05-08,8647362695.14
159,163,https://coinmarketcap.com/historical/20160515/,20160515,2016-05-15,8672846621.43
160,164,https://coinmarketcap.com/historical/20160522/,20160522,2016-05-22,8761443964.32
161,165,https://coinmarketcap.com/historical/20160529/,20160529,2016-05-29,10165094504.3
162,166,https://coinmarketcap.com/historical/20160605/,20160605,2016-06-05,11126523645.3
163,167,https://coinmarketcap.com/historical/20160612/,20160612,2016-06-12,12886457674.6
164,168,https://coinmarketcap.com/historical/20160619/,20160619,2016-06-19,14102795200.5
165,169,https://coinmarketcap.com/historical/20160626/,20160626,2016-06-26,12081575945.9
166,170,https://coinmarketcap.com/historical/20160703/,20160703,2016-07-03,12456490899.0
167,171,https://coinmarketcap.com/historical/20160710/,20160710,2016-07-10,12290650465.0
168,172,https://coinmarketcap.com/historical/20160717/,20160717,2016-07-17,13086093814.2
169,173,https://coinmarketcap.com/historical/20160724/,20160724,2016-07-24,12951500800.7
170,174,https://coinmarketcap.com/historical/20160731/,20160731,2016-07-31,12214615657.7
171,175,https://coinmarketcap.com/historical/20160807/,20160807,2016-08-07,11655754507.8
172,176,https://coinmarketcap.com/historical/20160814/,20160814,2016-08-14,11312060041.1
173,177,https://coinmarketcap.com/historical/20160821/,20160821,2016-08-21,11509112974.4
174,178,https://coinmarketcap.com/historical/20160828/,20160828,2016-08-28,11333815368.1
175,179,https://coinmarketcap.com/historical/20160904/,20160904,2016-09-04,12049828093.8
176,180,https://coinmarketcap.com/historical/20160911/,20160911,2016-09-11,11971528194.2
177,181,https://coinmarketcap.com/historical/20160918/,20160918,2016-09-18,12133704078.2
178,182,https://coinmarketcap.com/historical/20160925/,20160925,2016-09-25,12073094103.5
179,183,https://coinmarketcap.com/historical/20161002/,20161002,2016-10-02,12191410300.1
180,184,https://coinmarketcap.com/historical/20161009/,20161009,2016-10-09,12228789783.3
181,185,https://coinmarketcap.com/historical/20161016/,20161016,2016-10-16,12606189428.3
182,186,https://coinmarketcap.com/historical/20161023/,20161023,2016-10-23,12915964280.4
183,187,https://coinmarketcap.com/historical/20161030/,20161030,2016-10-30,13474198368.8
184,188,https://coinmarketcap.com/historical/20161106/,20161106,2016-11-06,13620883627.1
185,189,https://coinmarketcap.com/historical/20161113/,20161113,2016-11-13,13420452946.7
186,190,https://coinmarketcap.com/historical/20161120/,20161120,2016-11-20,13787714833.3
187,191,https://coinmarketcap.com/historical/20161127/,20161127,2016-11-27,13764480946.2
188,192,https://coinmarketcap.com/historical/20161204/,20161204,2016-12-04,14284297454.8
189,193,https://coinmarketcap.com/historical/20161211/,20161211,2016-12-11,14311926551.1
190,194,https://coinmarketcap.com/historical/20161218/,20161218,2016-12-18,14672072626.8
191,195,https://coinmarketcap.com/historical/20161225/,20161225,2016-12-25,16385559809.3
192,196,https://coinmarketcap.com/historical/20170101/,20170101,2017-01-01,18260123308.7
193,197,https://coinmarketcap.com/historical/20170108/,20170108,2017-01-08,17041362072.2
194,198,https://coinmarketcap.com/historical/20170115/,20170115,2017-01-15,15554087138.4
195,199,https://coinmarketcap.com/historical/20170122/,20170122,2017-01-22,17403156853.4
196,200,https://coinmarketcap.com/historical/20170129/,20170129,2017-01-29,17384340649.4
197,201,https://coinmarketcap.com/historical/20170205/,20170205,2017-02-05,19339389191.4
198,202,https://coinmarketcap.com/historical/20170212/,20170212,2017-02-12,18842398179.9
199,203,https://coinmarketcap.com/historical/20170219/,20170219,2017-02-19,19790810198.5
200,204,https://coinmarketcap.com/historical/20170226/,20170226,2017-02-26,21859882419.0
201,205,https://coinmarketcap.com/historical/20170305/,20170305,2017-03-05,24220184365.0
202,206,https://coinmarketcap.com/historical/20170312/,20170312,2017-03-12,24188932628.2
203,207,https://coinmarketcap.com/historical/20170319/,20170319,2017-03-19,23758972101.3
204,208,https://coinmarketcap.com/historical/20170326/,20170326,2017-03-26,23315644294.1
205,209,https://coinmarketcap.com/historical/20170402/,20170402,2017-04-02,27675273718.5
206,210,https://coinmarketcap.com/historical/20170409/,20170409,2017-04-09,27783183248.4
207,211,https://coinmarketcap.com/historical/20170416/,20170416,2017-04-16,28776912385.8
208,212,https://coinmarketcap.com/historical/20170423/,20170423,2017-04-23,29473958605.1
209,213,https://coinmarketcap.com/historical/20170430/,20170430,2017-04-30,36836498992.0
210,214,https://coinmarketcap.com/historical/20170507/,20170507,2017-05-07,48430044641.9
211,215,https://coinmarketcap.com/historical/20170514/,20170514,2017-05-14,55110891715.9
212,216,https://coinmarketcap.com/historical/20170521/,20170521,2017-05-21,73774317197.0
213,217,https://coinmarketcap.com/historical/20170528/,20170528,2017-05-28,72523063548.6
214,218,https://coinmarketcap.com/historical/20170604/,20170604,2017-06-04,92896874073.4
215,219,https://coinmarketcap.com/historical/20170611/,20170611,2017-06-11,1.1243726535e+11
216,220,https://coinmarketcap.com/historical/20170618/,20170618,2017-06-18,1.10381778428e+11
217,221,https://coinmarketcap.com/historical/20170625/,20170625,2017-06-25,1.0530323539e+11
218,222,https://coinmarketcap.com/historical/20170702/,20170702,2017-07-02,99203973609.0
219,223,https://coinmarketcap.com/historical/20170709/,20170709,2017-07-09,93337380254.5
220,224,https://coinmarketcap.com/historical/20170716/,20170716,2017-07-16,66611257090.2
221,225,https://coinmarketcap.com/historical/20170723/,20170723,2017-07-23,95091860612.1
222,226,https://coinmarketcap.com/historical/20170730/,20170730,2017-07-30,89021121322.8
223,227,https://coinmarketcap.com/historical/20170806/,20170806,2017-08-06,1.12088788761e+11
224,228,https://coinmarketcap.com/historical/20170813/,20170813,2017-08-13,1.35738329165e+11
225,229,https://coinmarketcap.com/historical/20170820/,20170820,2017-08-20,1.44769510556e+11
226,230,https://coinmarketcap.com/historical/20170827/,20170827,2017-08-27,1.58767730582e+11
227,231,https://coinmarketcap.com/historical/20170903/,20170903,2017-09-03,1.64992661375e+11
228,232,https://coinmarketcap.com/historical/20170910/,20170910,2017-09-10,1.43772780433e+11
229,233,https://coinmarketcap.com/historical/20170917/,20170917,2017-09-17,1.23463524172e+11
230,234,https://coinmarketcap.com/historical/20170924/,20170924,2017-09-24,1.28602013933e+11
231,235,https://coinmarketcap.com/historical/20171001/,20171001,2017-10-01,1.48853058782e+11
232,236,https://coinmarketcap.com/historical/20171008/,20171008,2017-10-08,1.52152763223e+11
233,237,https://coinmarketcap.com/historical/20171015/,20171015,2017-10-15,1.73460219824e+11
234,238,https://coinmarketcap.com/historical/20171022/,20171022,2017-10-22,1.71801676668e+11
235,239,https://coinmarketcap.com/historical/20171029/,20171029,2017-10-29,1.78448411652e+11
236,240,https://coinmarketcap.com/historical/20171105/,20171105,2017-11-05,1.9943501277e+11
237,241,https://coinmarketcap.com/historical/20171112/,20171112,2017-11-12,1.93766858261e+11
238,242,https://coinmarketcap.com/historical/20171119/,20171119,2017-11-19,2.37793690307e+11
239,243,https://coinmarketcap.com/historical/20171126/,20171126,2017-11-26,2.94986082383e+11
240,244,https://coinmarketcap.com/historical/20171203/,20171203,2017-12-03,3.38051991586e+11
241,245,https://coinmarketcap.com/historical/20171210/,20171210,2017-12-10,4.12098057915e+11
242,246,https://coinmarketcap.com/historical/20171217/,20171217,2017-12-17,5.87329119259e+11
243,247,https://coinmarketcap.com/historical/20171224/,20171224,2017-12-24,5.36952239325e+11
244,248,https://coinmarketcap.com/historical/20171231/,20171231,2017-12-31,6.14240509703e+11
245,249,https://coinmarketcap.com/historical/20180107/,20180107,2018-01-07,8.3059547703e+11
246,250,https://coinmarketcap.com/historical/20180114/,20180114,2018-01-14,7.06606277882e+11
247,251,https://coinmarketcap.com/historical/20180121/,20180121,2018-01-21,5.59779494065e+11
248,252,https://coinmarketcap.com/historical/20180128/,20180128,2018-01-28,5.95911253768e+11
249,253,https://coinmarketcap.com/historical/20180204/,20180204,2018-02-04,3.95316984297e+11
250,254,https://coinmarketcap.com/historical/20180211/,20180211,2018-02-11,3.97271057001e+11
251,255,https://coinmarketcap.com/historical/20180218/,20180218,2018-02-18,4.81825126268e+11
252,256,https://coinmarketcap.com/historical/20180225/,20180225,2018-02-25,4.29985694811e+11
253,257,https://coinmarketcap.com/historical/20180304/,20180304,2018-03-04,4.69798024835e+11
254,258,https://coinmarketcap.com/historical/20180311/,20180311,2018-03-11,3.884089473e+11
255,259,https://coinmarketcap.com/historical/20180318/,20180318,2018-03-18,3.14348708422e+11
256,260,https://coinmarketcap.com/historical/20180325/,20180325,2018-03-25,3.28688478924e+11
257,261,https://coinmarketcap.com/historical/20180401/,20180401,2018-04-01,2.54298972658e+11
258,262,https://coinmarketcap.com/historical/20180408/,20180408,2018-04-08,2.65401625123e+11
259,263,https://coinmarketcap.com/historical/20180415/,20180415,2018-04-15,3.36090609787e+11
260,264,https://coinmarketcap.com/historical/20180422/,20180422,2018-04-22,3.8802786501e+11
261,265,https://coinmarketcap.com/historical/20180429/,20180429,2018-04-29,4.38344396414e+11
262,266,https://coinmarketcap.com/historical/20180506/,20180506,2018-05-06,4.55137987637e+11
263,267,https://coinmarketcap.com/historical/20180513/,20180513,2018-05-13,4.07393782452e+11
264,268,https://coinmarketcap.com/historical/20180520/,20180520,2018-05-20,3.90585585901e+11
265,269,https://coinmarketcap.com/historical/20180527/,20180527,2018-05-27,3.26216010164e+11
266,270,https://coinmarketcap.com/historical/20180603/,20180603,2018-06-03,3.51504803558e+11
267,271,https://coinmarketcap.com/historical/20180610/,20180610,2018-06-10,2.97125674347e+11
268,272,https://coinmarketcap.com/historical/20180617/,20180617,2018-06-17,2.78389614711e+11
269,273,https://coinmarketcap.com/historical/20180624/,20180624,2018-06-24,2.51986494262e+11
270,274,https://coinmarketcap.com/historical/20180701/,20180701,2018-07-01,2.57373095796e+11
271,275,https://coinmarketcap.com/historical/20180708/,20180708,2018-07-08,2.74738195261e+11
272,276,https://coinmarketcap.com/historical/20180715/,20180715,2018-07-15,2.55246303913e+11
273,277,https://coinmarketcap.com/historical/20180722/,20180722,2018-07-22,2.8063794976e+11
274,278,https://coinmarketcap.com/historical/20180729/,20180729,2018-07-29,2.97770629572e+11
275,279,https://coinmarketcap.com/historical/20180805/,20180805,2018-08-05,2.56527775429e+11
276,280,https://coinmarketcap.com/historical/20180812/,20180812,2018-08-12,2.13277525694e+11
277,281,https://coinmarketcap.com/historical/20180819/,20180819,2018-08-19,2.16926786706e+11
278,282,https://coinmarketcap.com/historical/20180826/,20180826,2018-08-26,2.15687991914e+11
279,283,https://coinmarketcap.com/historical/20180902/,20180902,2018-09-02,2.37585122103e+11
280,284,https://coinmarketcap.com/historical/20180909/,20180909,2018-09-09,1.95097084311e+11
281,285,https://coinmarketcap.com/historical/20180916/,20180916,2018-09-16,2.03115502372e+11
282,286,https://coinmarketcap.com/historical/20180923/,20180923,2018-09-23,2.26186787348e+11
283,287,https://coinmarketcap.com/historical/20180930/,20180930,2018-09-30,2.23293483814e+11
284,288,https://coinmarketcap.com/historical/20181007/,20181007,2018-10-07,2.18359775157e+11
285,289,https://coinmarketcap.com/historical/20181014/,20181014,2018-10-14,2.00126120035e+11
286,290,https://coinmarketcap.com/historical/20181021/,20181021,2018-10-21,2.09536673188e+11
287,291,https://coinmarketcap.com/historical/20181028/,20181028,2018-10-28,2.10016490756e+11
288,292,https://coinmarketcap.com/historical/20181104/,20181104,2018-11-04,2.10509544249e+11
289,293,https://coinmarketcap.com/historical/20181111/,20181111,2018-11-11,2.12711819446e+11
290,294,https://coinmarketcap.com/historical/20181118/,20181118,2018-11-18,1.86023306888e+11
291,295,https://coinmarketcap.com/historical/20181125/,20181125,2018-11-25,1.29334943589e+11
292,296,https://coinmarketcap.com/historical/20181202/,20181202,2018-12-02,1.34287316681e+11
293,297,https://coinmarketcap.com/historical/20181209/,20181209,2018-12-09,1.14702221941e+11
294,298,https://coinmarketcap.com/historical/20181216/,20181216,2018-12-16,1.03153462774e+11
295,299,https://coinmarketcap.com/historical/20181223/,20181223,2018-12-23,1.34276845911e+11
296,300,https://coinmarketcap.com/historical/20181230/,20181230,2018-12-30,1.30538793513e+11
297,301,https://coinmarketcap.com/historical/20190106/,20190106,2019-01-06,1.3818799186e+11
298,302,https://coinmarketcap.com/historical/20190113/,20190113,2019-01-13,1.17219508661e+11
299,303,https://coinmarketcap.com/historical/20190120/,20190120,2019-01-20,1.20053203622e+11
300,304,https://coinmarketcap.com/historical/20190127/,20190127,2019-01-27,1.18728058121e+11
301,305,https://coinmarketcap.com/historical/20190203/,20190203,2019-02-03,1.13618173995e+11
302,306,https://coinmarketcap.com/historical/20190210/,20190210,2019-02-10,1.23029313002e+11
303,307,https://coinmarketcap.com/historical/20190217/,20190217,2019-02-17,1.23442869486e+11
304,308,https://coinmarketcap.com/historical/20190224/,20190224,2019-02-24,1.27631057793e+11
305,309,https://coinmarketcap.com/historical/20190303/,20190303,2019-03-03,1.29640491859e+11
306,310,https://coinmarketcap.com/historical/20190310/,20190310,2019-03-10,1.34802171709e+11
307,311,https://coinmarketcap.com/historical/20190317/,20190317,2019-03-17,1.39569403588e+11
308,312,https://coinmarketcap.com/historical/20190324/,20190324,2019-03-24,1.40154362925e+11
309,313,https://coinmarketcap.com/historical/20190331/,20190331,2019-03-31,1.44423311913e+11
310,314,https://coinmarketcap.com/historical/20190407/,20190407,2019-04-07,1.81722699046e+11
311,315,https://coinmarketcap.com/historical/20190414/,20190414,2019-04-14,1.75985976761e+11
312,316,https://coinmarketcap.com/historical/20190421/,20190421,2019-04-21,1.7810811192e+11
313,317,https://coinmarketcap.com/historical/20190428/,20190428,2019-04-28,1.71075254321e+11
314,318,https://coinmarketcap.com/historical/20190505/,20190505,2019-05-05,1.83559004067e+11
315,319,https://coinmarketcap.com/historical/20190512/,20190512,2019-05-12,2.09676973643e+11
316,320,https://coinmarketcap.com/historical/20190519/,20190519,2019-05-19,2.55300723433e+11
317,321,https://coinmarketcap.com/historical/20190526/,20190526,2019-05-26,2.67850779418e+11
318,322,https://coinmarketcap.com/historical/20190602/,20190602,2019-06-02,2.76825453253e+11
319,323,https://coinmarketcap.com/historical/20190609/,20190609,2019-06-09,2.44569174895e+11
320,324,https://coinmarketcap.com/historical/20190616/,20190616,2019-06-16,2.81220703689e+11
321,325,https://coinmarketcap.com/historical/20190623/,20190623,2019-06-23,3.26386508509e+11
322,326,https://coinmarketcap.com/historical/20190630/,20190630,2019-06-30,3.13012947889e+11
323,327,https://coinmarketcap.com/historical/20190707/,20190707,2019-07-07,3.28309385725e+11
324,328,https://coinmarketcap.com/historical/20190714/,20190714,2019-07-14,2.78806170017e+11
325,329,https://coinmarketcap.com/historical/20190721/,20190721,2019-07-21,2.90936857968e+11
326,330,https://coinmarketcap.com/historical/20190728/,20190728,2019-07-28,2.65846461082e+11
327,331,https://coinmarketcap.com/historical/20190804/,20190804,2019-08-04,2.94633369621e+11
328,332,https://coinmarketcap.com/historical/20190811/,20190811,2019-08-11,3.01967091421e+11
329,333,https://coinmarketcap.com/historical/20190818/,20190818,2019-08-18,2.73446149046e+11
330,334,https://coinmarketcap.com/historical/20190825/,20190825,2019-08-25,2.67673606613e+11
331,335,https://coinmarketcap.com/historical/20190901/,20190901,2019-09-01,2.55610687631e+11
